latitude,longitude,city,price,area,status,bhk,bathroom,age,location,builder
13.158604758503248,80.19757634030023,Tambaram,17064545,2433,,2,1,,Thiruvanmiyur,
13.259558757988898,80.38254729899602,Tambaram,4520357,4358,,1,1,,Vadapalani,
13.495993734796379,80.2199508644551,Kotturpuram,7600056,2896,,2,1,,Ambattur,
13.172610621145719,80.31305092210519,Royapettah,18459458,4097,,4,3,,Anna Nagar,
13.209453721151322,80.17707953315377,Ambattur,17896276,2451,,3,2,,Saidapet,
13.038178694510854,80.29029756521602,Ambattur,4495051,3009,,2,2,,Kilpauk,
13.571823647362809,80.1282018517339,Egmore,11526663,2370,,1,4,,Pallikaranai,
13.248314270220353,80.28270041551437,Kotturpuram,11104208,2265,,2,3,,Ashok Nagar,
13.377007900272261,80.3989103172541,Kilpauk,3117800,2241,,1,3,,Kotturpuram,
13.457562374781451,80.11377478399463,Porur,11846062,2834,,4,4,,Ashok Nagar,
13.282609517663277,80.33181118036374,Chromepet,14154618,1541,,2,1,,Ambattur,
13.258956232667213,80.36998700049992,T. Nagar,17835807,710,,3,3,,Pallikaranai,
13.408561302935686,80.16845433475308,Adyar,13763141,3471,,2,4,,Thiruvanmiyur,
13.306741292154452,80.2736697335234,Koyambedu,9983758,4663,,5,3,,Adyar,
13.35625351152061,80.27328051422377,Koyambedu,7040584,4731,,2,1,,Tambaram,
13.592933971884696,80.24969760936571,Thiruvanmiyur,18688391,1318,,5,4,,Pallikaranai,
13.152523572398966,80.25431995197192,Saidapet,19402701,962,,3,2,,Kotturpuram,
13.319498949839652,80.2821512836651,Anna Nagar,3801047,3043,,1,1,,Anna Nagar,
13.233311851894513,80.35406161382232,Chromepet,5372899,4186,,1,3,,Pallikaranai,
13.048094137812791,80.24110775577601,Saidapet,14512682,4569,,3,2,,Royapettah,
13.288703734742477,80.1293913877325,Madipakkam,1476134,619,,4,3,,Kodambakkam,
13.524210109667063,80.38312739359803,Koyambedu,1655908,1664,,4,3,,Royapettah,
13.304607772219194,80.26787207017284,Ashok Nagar,1627381,1317,,4,2,,T. Nagar,
13.4455317797598,80.33533170301192,Adyar,9694824,913,,3,1,,Ambattur,
13.34188741261867,80.18110553448821,Pallikaranai,17518295,542,,3,1,,Nungambakkam,
13.257053548096234,80.16384626315146,Koyambedu,7883606,3179,,1,1,,Nungambakkam,
13.194315957156938,80.1762716214409,Madipakkam,14006069,3790,,4,2,,Pallikaranai,
13.486112278942961,80.27319447778338,Nungambakkam,3630442,1290,,2,1,,Egmore,
13.214691373777523,80.36595283354228,Kodambakkam,7406080,1789,,5,3,,Chromepet,
13.372866268836177,80.21730864835031,Adyar,786944,1920,,2,1,,Mylapore,
13.046140977986335,80.2525766485523,Porur,16813990,4573,,2,2,,Egmore,
13.166954100309734,80.16452403367543,Porur,12300539,1493,,3,1,,Poonamallee,
13.551836200507164,80.17439719843146,Thiruvallur,4901317,4109,,3,2,,Royapettah,
13.172071914271813,80.25259577846231,Chromepet,5322976,1768,,5,2,,Ashok Nagar,
13.399027021059922,80.31575404183813,Madipakkam,16833998,2630,,3,2,,Thiruvanmiyur,
13.14651668314733,80.30878273892783,Anna Nagar,18345589,1482,,2,4,,Porur,
13.42368597648991,80.23676552057898,Thiruvanmiyur,1788401,576,,5,2,,Ambattur,
13.164909820906594,80.22506015900625,Chromepet,14440251,1915,,5,3,,T. Nagar,
13.544792852648524,80.14780847189301,Poonamallee,15829933,2610,,3,4,,Kodambakkam,
13.360668532114275,80.17682084648195,Pallikaranai,3570130,1838,,5,3,,Porur,
13.231573975942167,80.27385232509027,Adyar,14296732,2794,,4,2,,Kilpauk,
13.128781967801261,80.32225713724627,T. Nagar,4831671,4467,,1,3,,Pallikaranai,
13.397301505969024,80.16626614074454,Ashok Nagar,7278717,1341,,3,2,,Ambattur,
13.521063865027905,80.24874128668485,Kotturpuram,14836080,3106,,4,3,,Pallikaranai,
13.268304080613467,80.2172104312854,Velachery,18488577,4505,,3,3,,Tambaram,
13.238998791245328,80.20375910204132,Koyambedu,1050711,1795,,2,3,,Madipakkam,
13.093363155006951,80.2754805587747,Pallikaranai,6265785,4562,,4,3,,Thiruvallur,
13.55451054470627,80.3832180042256,Egmore,1853800,1181,,2,4,,T. Nagar,
13.463045775601522,80.14099022015903,Thiruvanmiyur,1108554,2936,,5,2,,Kotturpuram,
13.172015573809022,80.35795066578082,Thiruvallur,10950297,936,,5,4,,T. Nagar,
13.199747472487061,80.38219167419206,Velachery,15660076,1404,,2,4,,Saidapet,
13.438812511695152,80.18463703208045,Royapettah,1459046,3983,,5,1,,Poonamallee,
13.402158831124273,80.10795105047987,Egmore,10184756,829,,3,1,,Thiruvallur,
13.062736422128053,80.27905912267583,Mylapore,14110691,758,,5,1,,Thiruvallur,
13.579110393164669,80.23846282943292,Anna Nagar,4452202,3891,,3,3,,Ashok Nagar,
13.393987124542075,80.37787125273543,Thiruvanmiyur,7840610,3676,,4,2,,Kodambakkam,
13.512433256959156,80.21080088614573,Thiruvallur,6955447,2975,,1,1,,Thiruvallur,
13.26775222029064,80.31818495615892,Kotturpuram,19179863,729,,5,4,,Koyambedu,
13.556603885509224,80.14933597649375,Thiruvanmiyur,19309652,3253,,4,2,,Velachery,
13.268445678891478,80.383424445969,Kotturpuram,6503608,4613,,2,4,,Chromepet,
13.07847257957816,80.10573297292432,Koyambedu,4407119,1434,,2,4,,Kotturpuram,
13.069417132501782,80.16819820981127,Madipakkam,7445682,3661,,4,1,,T. Nagar,
13.589956505317007,80.3110276877656,Madipakkam,18850942,1629,,4,1,,Royapettah,
13.353447865763913,80.34398450209996,Chetpet,1429781,1532,,5,3,,Chetpet,
13.47609266695895,80.25847623967879,Chetpet,17070592,2228,,4,4,,Saidapet,
13.14768937392703,80.35448052187338,Kodambakkam,18860146,4327,,5,3,,Kilpauk,
13.428687155399743,80.32554638295024,Royapettah,13817805,907,,3,4,,Adyar,
13.258608302215244,80.32123617594067,Madipakkam,4881573,4051,,1,3,,Koyambedu,
13.22739466100278,80.22399214362562,Madipakkam,8271960,1303,,2,3,,Adyar,
13.053077706843673,80.13357468137704,Thiruvallur,7568051,1522,,1,1,,Poonamallee,
13.491601369771187,80.1340342030573,Tambaram,9021821,4899,,2,3,,Ashok Nagar,
13.185969384648892,80.17586044424297,Kilpauk,18451817,2238,,1,4,,T. Nagar,
13.495620811236769,80.15592142048261,Kotturpuram,9854321,2251,,5,1,,Vadapalani,
13.512758612726515,80.21104100002793,Royapettah,13216824,4237,,4,1,,Velachery,
13.269073079571525,80.17936432972024,Thiruvallur,14704024,2256,,5,1,,Poonamallee,
13.36806320406204,80.38441460297527,Ambattur,3979238,1755,,3,4,,Egmore,
13.240723238679763,80.1124743617919,Velachery,6474352,4539,,5,4,,Anna Nagar,
13.039580687813476,80.24565901908801,Adyar,5067816,545,,1,3,,Velachery,
13.305053632516824,80.38689169699725,Ashok Nagar,1569604,602,,4,4,,Adyar,
13.43856484516456,80.22551631097902,Kodambakkam,10916268,3147,,1,3,,Adyar,
13.098389704053814,80.2175213148673,Pallikaranai,4990523,786,,5,4,,Pallikaranai,
13.496631980921784,80.26228720860999,T. Nagar,13837421,4424,,1,2,,Porur,
13.441133104103889,80.2594649828106,Pallikaranai,5214252,4047,,3,2,,Anna Nagar,
13.173932621598444,80.3980253788891,Saidapet,16281587,2941,,4,2,,Thiruvanmiyur,
13.381754050752269,80.38670869102707,Ashok Nagar,3132687,2456,,4,4,,Velachery,
13.24315466168376,80.33155221060323,Ashok Nagar,1285803,4326,,5,4,,Pallikaranai,
13.511196996617999,80.24971546386975,Adyar,6259811,4316,,3,2,,Pallikaranai,
13.347452038602642,80.20785686067205,Kilpauk,2575142,4599,,2,2,,Tambaram,
13.222469473076398,80.25676515248757,Madipakkam,13112354,4146,,5,2,,Ashok Nagar,
13.249467277388577,80.24159105598203,Kodambakkam,11323806,550,,2,3,,Nungambakkam,
13.251550421254183,80.29596152054107,Chetpet,15899976,3550,,3,1,,Madipakkam,
13.07955458503846,80.34329149027708,Thiruvallur,19031173,1048,,2,4,,Koyambedu,
13.347840356875471,80.1139709836436,Mylapore,18510904,4163,,2,2,,Poonamallee,
13.578140338562278,80.31700347997504,Pallikaranai,509939,2215,,1,4,,Koyambedu,
13.148842547476349,80.2124849218343,Velachery,8736638,2393,,1,3,,Madipakkam,
13.442520667187894,80.26075811067764,Royapettah,12105452,701,,2,2,,Thiruvanmiyur,
13.432134865924645,80.24467118438741,Royapettah,12110371,1805,,3,4,,Anna Nagar,
13.197068371854412,80.27718749067982,Egmore,8381788,886,,5,3,,Tambaram,
13.487804027672365,80.22354639121193,Madipakkam,2053269,812,,4,3,,Egmore,
13.44456017278566,80.35666796797886,Velachery,4217830,789,,1,2,,Anna Nagar,
13.002164496728078,80.29967584360111,Kilpauk,12654559,1689,,5,2,,Vadapalani,
13.15846603918327,80.11210659751272,Mylapore,17138909,3787,,1,1,,Royapettah,
13.11491821503633,80.24468210195373,Anna Nagar,13517786,2033,,2,2,,Anna Nagar,
13.398711539391268,80.12385655510528,Adyar,9463760,882,,4,1,,Ambattur,
13.157948364189549,80.22047638135338,Thiruvanmiyur,15489033,3579,,1,3,,Kilpauk,
13.124309912133315,80.16104149493911,Kodambakkam,847647,2384,,2,1,,Chromepet,
13.596504923334155,80.23586366453907,Koyambedu,6480798,3530,,5,2,,Velachery,
13.39315763963963,80.35865205598678,Velachery,3731612,1450,,4,1,,Vadapalani,
13.423980524750755,80.18567287579451,Adyar,2584883,2864,,1,3,,Ambattur,
13.416154303910385,80.38137191196185,Kodambakkam,7655582,2305,,5,4,,Pallikaranai,
13.457733565791635,80.11176089790808,Velachery,7915459,609,,4,1,,Royapettah,
13.462064657774956,80.33621717476511,Thiruvallur,13238709,4008,,5,4,,Koyambedu,
13.511254725768918,80.19147838258186,Adyar,5479843,4396,,2,4,,Kotturpuram,
13.164062092322515,80.3757928000588,Madipakkam,6445361,4590,,5,1,,Kotturpuram,
13.174649003552206,80.2440809346765,Ambattur,2538423,1404,,1,1,,Kilpauk,
13.296069334945837,80.12316396214354,Mylapore,14183000,4696,,2,4,,Ambattur,
13.478492934600922,80.20872950432663,Anna Nagar,16705133,4625,,4,2,,Thiruvanmiyur,
13.035612525124481,80.27635009070845,Ashok Nagar,18588742,4658,,3,1,,Tambaram,
13.042986723226027,80.34324480166717,T. Nagar,6676297,1583,,4,1,,T. Nagar,
13.11549373679827,80.32812452717158,Ambattur,13508542,4922,,2,1,,T. Nagar,
13.436612690076144,80.37848812858863,Thiruvallur,6817721,2723,,4,2,,Chromepet,
13.588438821106013,80.32233552176092,Egmore,7894673,4875,,3,4,,Ambattur,
13.051726940577739,80.23613367616878,Saidapet,4717782,2693,,4,4,,Ambattur,
13.015855598731633,80.34767355520844,Egmore,3021425,3548,,5,2,,Egmore,
13.154080450989602,80.25438618521001,Kotturpuram,10824170,3424,,3,1,,Thiruvanmiyur,
13.464013579727999,80.1905740388892,Anna Nagar,685329,2293,,4,2,,Mylapore,
13.522152296751203,80.10246662117463,Ambattur,12488335,882,,5,2,,Saidapet,
13.406774003339255,80.14755162713953,Anna Nagar,16100538,4023,,4,4,,Saidapet,
13.12313967171342,80.10761092584049,Chromepet,8947172,3355,,1,1,,Thiruvanmiyur,
13.12932894250392,80.20949809254601,Poonamallee,11274975,4051,,5,2,,Porur,
13.088462712824853,80.31710004893726,Velachery,18574984,2802,,4,3,,Porur,
13.423790247326464,80.3720286078098,Pallikaranai,17633997,3477,,4,1,,Kilpauk,
13.245855819389186,80.3584545177529,Chromepet,3048386,2584,,5,4,,Porur,
13.025797710063317,80.12987885220362,Velachery,18233081,3273,,3,1,,Kotturpuram,
13.057317429238159,80.21266948445358,Kotturpuram,15860338,3780,,2,2,,Koyambedu,
13.069794991342366,80.2229639782016,Chromepet,3382612,687,,4,3,,Porur,
13.366168447145363,80.14722633583025,Nungambakkam,7488444,1732,,4,4,,Royapettah,
13.090715633789772,80.11906713408308,Poonamallee,16707697,1905,,5,1,,T. Nagar,
13.069697165275889,80.38044509202679,Kilpauk,11374675,1595,,3,4,,T. Nagar,
13.243224094377219,80.21404050010784,Chromepet,18453619,4206,,4,4,,Velachery,
13.44578861827976,80.19049304568567,Mylapore,6358090,4899,,2,4,,Vadapalani,
13.369434926708296,80.25797923251623,Pallikaranai,7777223,1678,,5,2,,Royapettah,
13.14620234041324,80.16129050349616,Mylapore,11149719,1875,,4,2,,Kodambakkam,
13.234570458495051,80.2300720658255,Egmore,8860147,1432,,5,4,,Saidapet,
13.016716404064924,80.12686478418198,Royapettah,5048658,3690,,4,1,,Kilpauk,
13.368041788913555,80.18915798365626,Koyambedu,7537804,1290,,4,1,,Kilpauk,
13.430695464320275,80.32756838655283,Chetpet,5862637,1518,,1,2,,Vadapalani,
13.087337914330972,80.10884969465656,Mylapore,13573185,2526,,5,4,,Ambattur,
13.214412029344277,80.14419821897317,Chromepet,12548527,3041,,4,2,,Tambaram,
13.159917081254996,80.17797095084131,Kotturpuram,4674741,3536,,4,1,,Kodambakkam,
13.141653546761876,80.11548798576874,Pallikaranai,15676302,2031,,1,1,,Kilpauk,
13.317035230908571,80.21135889223191,Kodambakkam,9319484,4644,,2,2,,Ashok Nagar,
13.423049793165683,80.15835169208975,Kotturpuram,6637865,4992,,5,3,,Nungambakkam,
13.144270371810045,80.35454309481462,Chromepet,3501741,2660,,5,4,,Ashok Nagar,
13.18072189642867,80.27865965501881,Chromepet,14192975,3812,,5,3,,Nungambakkam,
13.377187898893519,80.37068129407032,Koyambedu,2436779,3051,,5,4,,Koyambedu,
13.361784256902139,80.26417592422331,Velachery,18307955,2295,,4,3,,Mylapore,
13.469276194222969,80.166394756368,Koyambedu,15237998,3370,,4,1,,Chetpet,
13.429000457097525,80.12265429347974,Egmore,12452574,1726,,4,1,,Kodambakkam,
13.412784670955107,80.30137216799484,Kotturpuram,15756618,2930,,3,2,,Adyar,
13.568331580739128,80.10185056748504,Tambaram,7302610,4470,,3,3,,Tambaram,
13.014206252141161,80.18872715335685,Kilpauk,2036979,4341,,4,2,,Poonamallee,
13.004490067767051,80.15304141652945,Royapettah,18270347,3027,,2,4,,Royapettah,
13.05051113118675,80.18292448181043,Koyambedu,5294291,963,,4,1,,Saidapet,
13.47301997301009,80.17984433626354,Koyambedu,8381732,2240,,3,1,,Kotturpuram,
13.522030792912489,80.31876666471024,Chromepet,13818502,1629,,2,2,,T. Nagar,
13.502412941095878,80.21951279914673,Ambattur,707854,1507,,2,3,,Chetpet,
13.093909778344333,80.24660594884583,Ambattur,18072435,3794,,3,2,,Poonamallee,
13.437707484703504,80.35775519194134,Porur,8448225,1980,,1,2,,Ashok Nagar,
13.561895520485976,80.23724428426323,Mylapore,911230,924,,4,1,,Ambattur,
13.511592834173255,80.22084286033781,Anna Nagar,14021052,4155,,5,4,,Vadapalani,
13.154017639843794,80.35467651731862,Royapettah,8268427,2961,,1,3,,Egmore,
13.039642753557143,80.19603239515558,Adyar,1222187,1987,,1,4,,Mylapore,
13.234963013196868,80.22507401619886,Kotturpuram,6203043,3882,,3,2,,Ambattur,
13.011545438047126,80.3085182509774,Vadapalani,4293601,4462,,3,1,,Chetpet,
13.587328016138276,80.12862993480472,Porur,6698032,765,,5,1,,Kilpauk,
13.194098841762058,80.27863471621458,Pallikaranai,15623075,1827,,1,3,,Thiruvallur,
13.01163512318287,80.29591393841693,Adyar,8944665,1281,,5,4,,Thiruvallur,
13.166299306297342,80.33133346244259,Tambaram,18390808,3015,,2,3,,Anna Nagar,
13.260158974470444,80.22200882569757,Kotturpuram,6931096,1878,,4,1,,Kotturpuram,
13.542452065552764,80.20579340175853,T. Nagar,10973948,2965,,5,4,,Chetpet,
13.41925592588501,80.35682795957484,Koyambedu,14905399,4639,,1,2,,Adyar,
13.291745381241501,80.15111490866704,Kilpauk,14619597,2984,,1,1,,Chetpet,
13.312472350989985,80.38729872618984,Kilpauk,3347800,2715,,3,3,,Kotturpuram,
13.532629711827903,80.18455043268214,Kodambakkam,9774381,3970,,1,3,,Chromepet,
13.210590265160455,80.11664749150012,Kotturpuram,19537339,3119,,5,2,,Madipakkam,
13.533458310779219,80.31625432575144,Koyambedu,12641443,1997,,5,3,,Thiruvanmiyur,
13.043703604697049,80.15063657140372,Kotturpuram,3379636,1541,,2,1,,Chetpet,
13.016214505348271,80.14196326108912,Chromepet,12729735,3058,,3,1,,Ambattur,
13.191434942095421,80.26011580698201,Chetpet,5898641,940,,3,4,,Saidapet,
13.360491881469542,80.28546054873296,Chromepet,18461917,547,,3,2,,Vadapalani,
13.342509286835949,80.26637446937227,Chromepet,11523518,2283,,3,4,,Adyar,
13.179493255267683,80.10365693541955,Tambaram,13244230,3808,,1,3,,Poonamallee,
13.389005180220147,80.34404415005983,Vadapalani,10514847,4773,,5,2,,Ashok Nagar,
13.294785433719367,80.3761574154251,Saidapet,11830022,3968,,1,3,,Pallikaranai,
13.423385771113551,80.13892497241744,Madipakkam,16793995,4773,,1,1,,Thiruvanmiyur,
13.30570433746554,80.30389982207521,Saidapet,8311739,4854,,1,3,,Ambattur,
13.450005557683054,80.35260499388308,Adyar,9725682,2106,,4,3,,Tambaram,
13.243967562212122,80.31825175472602,Pallikaranai,2940774,3608,,5,4,,Vadapalani,
13.323730557982291,80.37408802483522,Nungambakkam,17889650,3420,,1,3,,Thiruvallur,
13.396111376442235,80.13089035064071,Kilpauk,17671126,4617,,4,1,,Saidapet,
13.082919398605805,80.3822652235541,Ashok Nagar,5408504,959,,5,4,,Tambaram,
13.042881096523043,80.27824930348439,Mylapore,3095303,4899,,4,1,,Poonamallee,
13.428364122889342,80.31597814330443,Egmore,7150872,1977,,5,4,,Pallikaranai,
13.594731179807937,80.24301098354134,Kotturpuram,3107638,2349,,2,2,,Chetpet,
13.482224799181655,80.19189100742021,Kotturpuram,6600516,4435,,2,4,,Kotturpuram,
13.301848932255579,80.37067501612623,Tambaram,5934089,1411,,3,1,,Madipakkam,
13.306507757926296,80.24573342986756,Thiruvallur,9672476,2101,,4,3,,Mylapore,
13.22594465040585,80.21819178863612,Chromepet,3034454,2159,,1,2,,Adyar,
13.428924806741229,80.22908041271009,Tambaram,6627106,2428,,5,2,,Saidapet,
13.54667940759007,80.27139201225222,Royapettah,9521875,1017,,3,1,,Kotturpuram,
13.101533863296211,80.36201793646546,Egmore,4337332,3107,,3,2,,Egmore,
13.521666852007378,80.22299359680551,Poonamallee,10737793,4650,,5,2,,Kodambakkam,
13.007120901547834,80.30362866309312,Koyambedu,3196711,2110,,2,1,,Thiruvallur,
13.316842403276913,80.2195994250511,Porur,11131404,3982,,2,4,,Velachery,
13.52453516803128,80.11906059087087,Tambaram,19619950,1760,,1,3,,Thiruvallur,
13.514010226099272,80.10382468293774,Porur,18196917,4606,,2,3,,Anna Nagar,
13.087381522828279,80.13042751970889,Kilpauk,10139093,4386,,1,1,,Velachery,
13.21232093980338,80.19081736767099,Poonamallee,13264705,3770,,5,3,,Chromepet,
13.503123429018487,80.35943556627413,Kilpauk,9759076,616,,1,4,,Chromepet,
13.040015298965335,80.2486109764433,Kilpauk,14589607,693,,1,3,,Madipakkam,
13.455314263444352,80.22294872652809,Adyar,17201761,3012,,1,1,,Mylapore,
13.25041957116411,80.11859237898108,Saidapet,9839867,1790,,3,3,,Egmore,
13.039338573274541,80.37605518314855,Royapettah,18557673,1694,,1,1,,Kilpauk,
13.503551207865598,80.2875572594867,Anna Nagar,4776783,1865,,4,4,,Kilpauk,
13.413781877827136,80.18543963112771,Pallikaranai,17046447,1528,,2,3,,Thiruvallur,
13.385879580097459,80.1438865550941,Pallikaranai,12388208,4401,,5,1,,Madipakkam,
13.26978126349336,80.21874118548979,Koyambedu,3930645,2756,,2,4,,Saidapet,
13.325837001096907,80.31831899668084,Thiruvanmiyur,18366742,4144,,1,1,,Kotturpuram,
13.515528487046694,80.25550934208401,Kotturpuram,9978314,4762,,5,2,,Vadapalani,
13.036009686678838,80.2148335607494,Adyar,15647244,1314,,3,3,,Madipakkam,
13.178260820712108,80.17928311909654,Chetpet,19946087,3657,,4,4,,Velachery,
13.132768391674006,80.14742100915906,Thiruvanmiyur,11373086,4573,,2,1,,Thiruvanmiyur,
13.24127215410725,80.1645226169854,Kotturpuram,16321551,3312,,5,1,,Tambaram,
13.382897358309037,80.10241488223069,Tambaram,14043817,2432,,4,1,,Pallikaranai,
13.112374178783126,80.26623722625443,Kotturpuram,12270989,4731,,5,4,,Royapettah,
13.082810511897856,80.16475416816013,Nungambakkam,18742172,2637,,2,3,,Kotturpuram,
13.023694999918858,80.39759885357478,Vadapalani,14952385,3311,,1,4,,Tambaram,
13.28051380986977,80.20369219913852,Anna Nagar,3376700,792,,2,2,,Velachery,
13.21162586373552,80.20464297517903,Pallikaranai,15301696,4866,,2,2,,Porur,
13.259342162171478,80.28555446231837,Kotturpuram,17510178,1503,,4,1,,Velachery,
13.127223583965563,80.25763183739586,Kilpauk,12338790,1195,,2,2,,Thiruvanmiyur,
13.506199723876625,80.36171793964722,Nungambakkam,1431314,4448,,3,4,,Nungambakkam,
13.05401158513523,80.25496557167683,Chromepet,16134197,923,,2,1,,Kilpauk,
13.534932369848331,80.31294837242636,Adyar,12805700,3115,,1,2,,Kotturpuram,
13.19798417985964,80.17692268040335,Madipakkam,3258050,4404,,4,1,,Ambattur,
13.166640837235384,80.1085775659635,Chromepet,6883923,2068,,3,4,,Velachery,
13.10591603848086,80.35084175430181,Thiruvanmiyur,13371006,4679,,2,2,,Royapettah,
13.18292000729982,80.23311221161977,Kodambakkam,14702768,1685,,4,4,,Chetpet,
13.348147178343872,80.10747607858026,Nungambakkam,14272687,3247,,1,4,,Koyambedu,
13.05347842364963,80.27486750919422,Pallikaranai,4944723,704,,3,1,,Ambattur,
13.167015588440186,80.25961550342276,Porur,15617179,2903,,5,2,,Poonamallee,
13.542327315480616,80.20027258540055,Tambaram,8953509,4860,,1,2,,Porur,
13.177979186839076,80.22619720370055,Madipakkam,14411613,592,,2,4,,T. Nagar,
13.27040411686751,80.38299640433036,Ashok Nagar,6143694,1732,,2,1,,Nungambakkam,
13.312944782038194,80.28512137062445,T. Nagar,19020726,4668,,4,4,,Adyar,
13.276187633198028,80.17117798954301,Ambattur,4845913,4092,,1,3,,Kilpauk,
13.582348806371959,80.1271609085511,Thiruvallur,2344885,4824,,2,4,,Kotturpuram,
13.209757345597147,80.35061924357177,Koyambedu,6453947,2789,,4,2,,Anna Nagar,
13.382140847892387,80.23668672074855,Thiruvanmiyur,9153996,4725,,5,3,,T. Nagar,
13.361497775634133,80.16115233744146,T. Nagar,6470657,4708,,5,2,,Kilpauk,
13.156083289167029,80.29269300123627,Pallikaranai,18605620,3797,,2,1,,Egmore,
13.37638604125658,80.34669273860182,Kilpauk,9163031,4161,,4,4,,Chromepet,
13.396141652493736,80.12710577193104,Nungambakkam,3177853,4018,,4,4,,Poonamallee,
13.462767988636239,80.1003795739348,Anna Nagar,8940011,4735,,1,2,,Tambaram,
13.420664908846044,80.16989050019882,Adyar,12983306,1292,,5,1,,Vadapalani,
13.091230332071872,80.36346663606793,Royapettah,19217069,1526,,4,4,,T. Nagar,
13.182912413560109,80.23959970895342,Ashok Nagar,13542165,4155,,4,2,,Kotturpuram,
13.236076274118265,80.11651895719709,Saidapet,1025773,3983,,5,4,,Porur,
13.352226260097913,80.23754579578603,Kotturpuram,17967042,2452,,5,1,,Porur,
13.142011563319944,80.21196294749817,Ambattur,2316344,3887,,1,3,,Ambattur,
13.557103902884275,80.11772408317768,Anna Nagar,17637805,1810,,4,4,,Porur,
13.588346452337726,80.34858707569377,Koyambedu,2543452,1873,,4,1,,Kodambakkam,
13.533992015775695,80.29475915831358,Koyambedu,17147845,2077,,2,2,,Koyambedu,
13.282376983070858,80.39825190103446,Anna Nagar,9720991,1345,,5,3,,Chromepet,
13.259747105368076,80.24777278339398,Porur,13729965,2788,,1,2,,Chromepet,
13.00060864471047,80.26728257262,Pallikaranai,11237652,3856,,2,1,,Thiruvanmiyur,
13.405066354121406,80.15346825673785,Chromepet,3129483,3945,,5,3,,Velachery,
13.45312303058112,80.34680996485598,Porur,11892721,3643,,5,3,,Poonamallee,
13.139834558277332,80.30540743673384,Kilpauk,2625906,1990,,5,1,,Porur,
13.440075686710056,80.21449653252617,Pallikaranai,17086305,4895,,1,1,,Ashok Nagar,
13.586088719412825,80.2464973361649,T. Nagar,8759693,1133,,1,2,,Pallikaranai,
13.191032798360261,80.26722598020505,Thiruvanmiyur,8227204,2780,,3,3,,Pallikaranai,
13.103853085738791,80.2796318605079,Chetpet,1609433,1197,,2,4,,Poonamallee,
13.00135908422499,80.33210419583497,Kodambakkam,7644182,3127,,5,2,,Thiruvanmiyur,
13.074274071305899,80.17564293547639,Tambaram,6851727,3813,,3,4,,Tambaram,
13.47310869975346,80.3221236177495,Ambattur,19892622,2543,,3,4,,Chromepet,
13.5952451501861,80.26491658326621,Nungambakkam,17801862,3879,,4,4,,Madipakkam,
13.111116733291919,80.1568985318194,Porur,3776678,4902,,2,1,,Chetpet,
13.425134130879668,80.2846472131993,Egmore,12392629,668,,5,2,,Ashok Nagar,
13.331170181742735,80.20822421606118,Koyambedu,16938453,791,,4,2,,Kilpauk,
13.350577655273092,80.10142000408338,Thiruvanmiyur,6201924,1482,,4,2,,Chetpet,
13.419023059723807,80.3539716019211,Adyar,17554405,4965,,3,1,,Adyar,
13.420347437486294,80.2631043423788,Nungambakkam,18499591,1863,,4,4,,Porur,
13.460092576052627,80.32099582346363,Chetpet,19525860,775,,3,2,,Thiruvanmiyur,
13.050209212720626,80.21401412937828,Madipakkam,13811604,693,,5,4,,Anna Nagar,
13.538688129861985,80.31255317185665,Ambattur,4058020,987,,3,4,,Anna Nagar,
13.45454709255155,80.27477245271662,Ambattur,4581981,2147,,4,2,,Chetpet,
13.230476395533975,80.2893131530221,Madipakkam,8411531,1571,,5,1,,Vadapalani,
13.32159815811223,80.14216277512867,Chromepet,5360208,2937,,4,1,,Anna Nagar,
13.16359297574389,80.38147530496322,Chromepet,6815507,1806,,1,4,,Mylapore,
13.385000153609882,80.10557720519861,Thiruvallur,14597027,3561,,5,3,,Ambattur,
13.458024606213883,80.13707254372035,Mylapore,12317355,2546,,4,4,,Saidapet,
13.511845988369476,80.17336247427336,Saidapet,13741133,4379,,1,2,,Adyar,
13.274940605940152,80.19433343084032,Kodambakkam,3400982,577,,1,1,,Thiruvallur,
13.35170144771603,80.30645854700043,Pallikaranai,19212133,1518,,2,2,,Poonamallee,
13.198956715526629,80.24974006428394,Ashok Nagar,7294236,2730,,2,4,,Kotturpuram,
13.313480866356997,80.3777276373344,Thiruvanmiyur,11633175,2877,,5,2,,Thiruvallur,
13.388949401327247,80.3983899480398,Koyambedu,5787186,4406,,4,4,,Egmore,
13.34505752212441,80.19387503743214,Ashok Nagar,5688532,3267,,5,2,,Thiruvanmiyur,
13.22710002584527,80.27595529610772,Anna Nagar,14911980,1106,,3,3,,Porur,
13.454607844552497,80.1213280512844,Ambattur,19749829,1442,,5,2,,Anna Nagar,
13.577326506539478,80.36671157614221,Vadapalani,10406263,1921,,5,3,,Pallikaranai,
13.498832891590625,80.21893755596827,Ashok Nagar,5131182,3461,,5,4,,Anna Nagar,
13.352594249384666,80.37322054711343,Vadapalani,5716646,4868,,5,3,,Velachery,
13.31709161526296,80.35019157778872,Ambattur,14300464,2828,,5,1,,Madipakkam,
13.27089692984898,80.27359081328933,Thiruvallur,9070724,3480,,2,2,,Thiruvanmiyur,
13.073503759674233,80.34174653123303,Poonamallee,7378537,1313,,1,2,,Kilpauk,
13.370366898166463,80.39854069521851,Poonamallee,11849616,3096,,1,4,,Thiruvanmiyur,
13.040345401239227,80.24218530191001,Chromepet,9395334,2722,,5,4,,Ambattur,
13.16184728521778,80.22668892020464,Kotturpuram,17657869,2739,,5,1,,Adyar,
13.340025692869782,80.17164946196003,Vadapalani,913359,1572,,1,3,,Kotturpuram,
13.359053739078892,80.1581784000561,Thiruvanmiyur,6800117,1000,,5,4,,Thiruvanmiyur,
13.363879047117921,80.21020556807457,Thiruvallur,1756102,3560,,3,1,,Chromepet,
13.108752126242356,80.33070431725096,Egmore,2579402,4890,,3,2,,Chromepet,
13.366511897445061,80.23698110720704,Royapettah,11644719,2913,,4,4,,T. Nagar,
13.122545657952054,80.16241572994899,Madipakkam,16467938,3535,,4,3,,Velachery,
13.031207182357589,80.31348191183737,Koyambedu,3793372,2441,,3,4,,Anna Nagar,
13.09696210433328,80.12138669542607,Mylapore,5871204,596,,3,2,,Nungambakkam,
13.135219722791597,80.24478697814892,Chromepet,13347285,4154,,2,3,,Ambattur,
13.281278553863231,80.11981338626047,Ambattur,12493032,2095,,4,1,,Kotturpuram,
13.547972728632315,80.34129487716297,Anna Nagar,18467072,4574,,4,2,,Kotturpuram,
13.369974749437938,80.26456839948216,Vadapalani,17471570,3908,,4,2,,Velachery,
13.071033994357908,80.24270333900056,Thiruvallur,8101039,609,,4,3,,Madipakkam,
13.03228918975824,80.15986537039775,Chromepet,6475682,1693,,3,4,,Anna Nagar,
13.218879396293154,80.34018312170367,Porur,4144348,954,,5,2,,Poonamallee,
13.04982100509765,80.26188130406025,Royapettah,6104894,2342,,5,4,,Adyar,
13.3751436213483,80.35813995565833,Porur,18711000,3861,,5,2,,Koyambedu,
13.123203584327705,80.16090055323522,Chromepet,14091489,3648,,3,2,,Poonamallee,
13.231987254057362,80.20277527325878,T. Nagar,15238400,3356,,2,3,,Chromepet,
13.58423334698393,80.1136780884068,Madipakkam,13600737,2132,,3,4,,Ambattur,
13.356875680009534,80.29276987447257,Chetpet,1879862,777,,2,4,,Anna Nagar,
13.548668155395568,80.3583193476323,Adyar,2408852,2802,,3,1,,Kilpauk,
13.144877300243563,80.19960793704355,Kodambakkam,17133927,2333,,3,2,,Chetpet,
13.157892122323615,80.22142245258337,Anna Nagar,18353913,4939,,1,1,,Royapettah,
13.44344705242862,80.23088965157,Nungambakkam,7883614,2312,,3,4,,Kodambakkam,
13.196696051971813,80.1618001375729,Mylapore,11006445,2545,,4,2,,Madipakkam,
13.441987139551227,80.37467686863832,T. Nagar,13141062,865,,4,3,,Pallikaranai,
13.220678280578404,80.23430953552979,Madipakkam,898992,1653,,5,4,,T. Nagar,
13.26444314985756,80.16529333326102,Tambaram,18999481,4178,,3,2,,Kodambakkam,
13.330453262925824,80.37705911148528,Ashok Nagar,15265783,1459,,1,3,,Anna Nagar,
13.314722170175491,80.27839529937292,Porur,10011207,1552,,4,3,,Nungambakkam,
13.565026222387841,80.18495323741415,Koyambedu,8619423,4842,,3,1,,Kotturpuram,
13.543844849408977,80.36415187803775,Adyar,9389289,842,,5,4,,T. Nagar,
13.300882050158306,80.33034050813207,Chromepet,11746401,2499,,3,2,,Ashok Nagar,
13.01165578307491,80.35377747319095,Tambaram,2354927,4090,,2,2,,Tambaram,
13.2172200582811,80.30160843372055,Nungambakkam,9273097,2520,,4,2,,Egmore,
13.287892907273747,80.25250228832225,Chromepet,3255232,4875,,4,3,,Kilpauk,
13.391664436446423,80.1647484513646,Tambaram,14568081,1284,,2,4,,Ashok Nagar,
13.05423030372575,80.23652561727279,Kodambakkam,2898546,548,,1,1,,Kilpauk,
13.09624146872393,80.2606144574947,Velachery,5044601,4755,,4,1,,Poonamallee,
13.341266945859456,80.26908088151312,Mylapore,666383,916,,5,2,,Mylapore,
13.167121751956683,80.33336134351568,Poonamallee,14378347,572,,1,4,,Thiruvanmiyur,
13.038512631759048,80.25313244342162,Madipakkam,3252550,1734,,3,3,,Pallikaranai,
13.232782657633843,80.24646399856533,Chetpet,13396912,4671,,2,1,,Vadapalani,
13.233066319403484,80.14398047552781,Mylapore,12016362,2018,,1,2,,Mylapore,
13.556925651676448,80.24213048686221,T. Nagar,5303628,2295,,4,1,,Thiruvallur,
13.312467918256015,80.29145857722405,Porur,12141620,4378,,4,4,,Madipakkam,
13.572227437652725,80.18141425192091,Kotturpuram,15156273,1252,,3,1,,T. Nagar,
13.268616839451333,80.37348853372136,Kotturpuram,3866285,3358,,1,4,,Pallikaranai,
13.008196329465031,80.27846576882959,Velachery,7627902,1842,,5,2,,Saidapet,
13.374245879390367,80.38233941776696,Kodambakkam,11006966,500,,3,1,,Thiruvanmiyur,
13.501669590081603,80.25813471950174,Kotturpuram,4951491,1306,,5,1,,Ashok Nagar,
13.088206000477113,80.17027402355235,Adyar,12259021,1058,,4,3,,Saidapet,
13.030518371865565,80.14056231497045,Velachery,10131772,4554,,3,4,,Egmore,
13.089637760358167,80.39098148191444,Nungambakkam,19422244,1698,,4,1,,Mylapore,
13.46182783795166,80.22715320144788,Poonamallee,7467754,699,,4,3,,Thiruvallur,
13.318708640253064,80.37234486627179,Chetpet,14738176,4056,,2,2,,Kodambakkam,
13.117289519364387,80.31174343595286,Thiruvallur,3800348,2660,,4,3,,Anna Nagar,
13.488945550676805,80.26792228867784,Kilpauk,7638819,3621,,4,4,,Chetpet,
13.441422943726172,80.18309403519767,Chetpet,19804194,508,,5,4,,Anna Nagar,
13.505206258580404,80.13430008250344,Velachery,12806579,3457,,5,1,,Royapettah,
13.165208037744591,80.24754733826825,Saidapet,18067808,2048,,4,4,,Kotturpuram,
13.181622561901836,80.28989759290442,Porur,12558405,2012,,5,4,,Kodambakkam,
13.348706201396903,80.39729765795057,Velachery,15727775,4705,,2,1,,Velachery,
13.41862107344816,80.38088194756166,Thiruvallur,15564880,4585,,1,2,,Royapettah,
13.352042447625541,80.10945863485465,Adyar,12648588,2987,,4,1,,Chetpet,
13.25463022351843,80.38891535856105,Pallikaranai,14960517,2011,,5,2,,Chetpet,
13.080827302201897,80.29352591144159,Nungambakkam,2734962,4498,,4,1,,Kotturpuram,
13.448755190074804,80.20558034257158,Adyar,6214872,4734,,5,2,,Nungambakkam,
13.565977241557324,80.11089794897073,T. Nagar,4808820,4395,,5,3,,Chromepet,
13.131511392053978,80.16490387750913,Egmore,2093053,1753,,4,2,,Koyambedu,
13.032551524165694,80.3585793992903,Thiruvanmiyur,17406047,2396,,2,2,,Chetpet,
13.033381959042293,80.34368053744075,Kotturpuram,10733036,3328,,5,1,,Thiruvanmiyur,
13.353825638701938,80.39102851385832,Anna Nagar,1147064,4635,,3,3,,Porur,
13.483862883336595,80.38976231852838,Saidapet,2906520,4118,,3,3,,Madipakkam,
13.338530507485482,80.35495161151506,Poonamallee,9451993,3243,,3,3,,Thiruvallur,
13.389136325464197,80.28909490268518,Ashok Nagar,2805997,4416,,3,3,,Ashok Nagar,
13.30272081155689,80.3412155318941,Ambattur,12070316,1617,,4,4,,Chetpet,
13.24750876546063,80.18903918212887,Kotturpuram,13897613,1896,,2,1,,Kilpauk,
13.213338218633677,80.20800757590182,Chetpet,18784112,1147,,2,4,,Chetpet,
13.32183228932113,80.39823226151947,Kodambakkam,4545092,4627,,1,4,,Chetpet,
13.253251577826443,80.30572412181392,Royapettah,12062583,954,,2,1,,Kodambakkam,
13.382208033461117,80.31039089947411,Chetpet,10991313,3404,,1,3,,Ambattur,
13.252950901579789,80.21063208475718,Madipakkam,19659272,4318,,4,2,,Madipakkam,
13.17742921662258,80.36219127952172,Ambattur,19393383,2096,,2,2,,Tambaram,
13.398289057844451,80.26672564691893,Velachery,7124613,2481,,1,1,,Madipakkam,
13.586827239263322,80.34417193222491,Madipakkam,16532468,3843,,3,1,,Mylapore,
13.551531056127468,80.15012057870213,Adyar,9679319,3294,,1,1,,Egmore,
13.183054487031242,80.29472197507123,Chromepet,3002991,3298,,3,4,,Kotturpuram,
13.282794893542055,80.26995586071634,Kotturpuram,7304038,2806,,1,2,,Vadapalani,
13.409960717809023,80.11866097976639,Poonamallee,8476998,2639,,1,1,,Thiruvanmiyur,
13.494008566605267,80.37739875805278,Pallikaranai,6475274,2035,,3,3,,Chromepet,
13.198976499369298,80.10136121881607,Tambaram,11869847,4948,,4,1,,Ashok Nagar,
13.364821997712275,80.1673517859456,Vadapalani,18219026,4840,,5,2,,Saidapet,
13.052292930817405,80.362332634091,Kotturpuram,14636718,2579,,2,2,,Madipakkam,
13.276027572591113,80.32130800546821,Thiruvanmiyur,1439176,1329,,2,1,,Velachery,
13.106375806739633,80.34232519365689,Saidapet,16788933,578,,5,1,,Egmore,
13.467373688329953,80.22079687873936,Pallikaranai,14635418,3566,,3,1,,Pallikaranai,
13.00251554929732,80.19178299867421,Chromepet,6211961,3813,,1,1,,Koyambedu,
13.431546787510339,80.27579212789104,Ambattur,18450666,1938,,4,4,,Anna Nagar,
13.259741601826187,80.12731447525414,Kodambakkam,11361012,3292,,2,2,,Ambattur,
13.066820900243071,80.37422836752954,Tambaram,5979654,3193,,3,4,,Ambattur,
13.03246540011659,80.29557863722083,Kodambakkam,10411920,3664,,5,2,,Royapettah,
13.224397517384247,80.21424370563174,Porur,18366691,1978,,5,3,,Ambattur,
13.012125492174249,80.14839248304118,Koyambedu,17903453,2677,,4,1,,Egmore,
13.132803547393687,80.13739426491195,Chromepet,9268017,2781,,5,1,,Tambaram,
13.020498357877997,80.39500626934323,Egmore,4598251,2223,,2,3,,Thiruvallur,
13.11834963757176,80.33149818636197,Ashok Nagar,2414329,1880,,2,3,,Velachery,
13.146354151291707,80.18020727597896,Egmore,7604905,1413,,4,2,,Tambaram,
13.058489539809413,80.12120291380026,Egmore,633303,2578,,5,1,,Kodambakkam,
13.009003404204853,80.33140448671506,Ashok Nagar,4892413,1624,,1,1,,Thiruvanmiyur,
13.302316477647423,80.3555106407312,Tambaram,5828498,3107,,1,4,,Ashok Nagar,
13.459783563440231,80.1932630908457,Anna Nagar,10532681,996,,2,2,,Thiruvanmiyur,
13.330010844110499,80.23174087138244,Ashok Nagar,5238888,1700,,4,4,,Ambattur,
13.126309746491474,80.14790579145877,Thiruvallur,19085943,907,,1,2,,Thiruvallur,
13.152879759207032,80.16006899559964,Vadapalani,8319166,2100,,5,2,,T. Nagar,
13.46483114738319,80.11104798366067,T. Nagar,661508,2304,,4,2,,T. Nagar,
13.41315291543701,80.36044576626661,Poonamallee,10362020,3131,,2,1,,Egmore,
13.597983047662535,80.18907988259457,Chromepet,6778460,4308,,5,1,,Velachery,
13.16103879345495,80.12199651554036,Kotturpuram,11772417,4374,,2,4,,Velachery,
13.450762390692185,80.28439186606286,Kotturpuram,19364925,3755,,4,2,,Madipakkam,
13.203398964591942,80.3984164641003,Thiruvallur,11470750,1102,,2,4,,Anna Nagar,
13.210751466742174,80.28626702743104,T. Nagar,13621801,2723,,1,4,,Thiruvallur,
13.174415210291254,80.1750256422678,Ambattur,12355999,832,,4,3,,Nungambakkam,
13.206950004444023,80.28307007877447,Chetpet,11795178,967,,4,4,,Poonamallee,
13.134502469676265,80.20123868992117,Adyar,14565079,4970,,5,2,,Kilpauk,
13.406624885086702,80.33765882037828,Saidapet,9759958,3995,,5,2,,Pallikaranai,
13.124769965699672,80.15620475730682,Pallikaranai,10798972,1547,,4,3,,Nungambakkam,
13.553884716468533,80.39579100696582,Mylapore,17583035,4818,,2,4,,Ashok Nagar,
13.02425570321851,80.10535462149019,Ambattur,4207965,714,,1,1,,Saidapet,
13.126268627644619,80.13018416648336,Kotturpuram,13178316,1503,,5,3,,Poonamallee,
13.480084792256417,80.16182008365408,Ambattur,15814347,3744,,3,3,,Saidapet,
13.172225360938217,80.35835645549895,Adyar,13045755,2133,,1,2,,Nungambakkam,
13.568565666097507,80.21793638795643,Porur,7600662,3981,,2,3,,Chetpet,
13.248210303734586,80.18011244563424,Thiruvanmiyur,16687572,1880,,1,3,,Adyar,
13.526994917798248,80.2213711876297,Pallikaranai,13153557,3307,,1,2,,Egmore,
13.530775202637058,80.37622856813812,Kilpauk,3308313,2057,,2,3,,Kilpauk,
13.560759553913403,80.3878116815496,Thiruvanmiyur,6558117,2855,,5,2,,Chetpet,
13.15043063342738,80.10256409320652,Anna Nagar,1309767,3929,,2,2,,Pallikaranai,
13.462905830524083,80.2074049343784,Chromepet,12177682,3919,,1,2,,Vadapalani,
13.242138440429354,80.38718421999091,T. Nagar,8718769,2312,,2,3,,Kotturpuram,
13.378182142654776,80.19799551048195,Madipakkam,11824627,4577,,2,4,,Pallikaranai,
13.421865721883018,80.38339116171964,Ambattur,12621300,3616,,4,2,,Royapettah,
13.028213167156107,80.33717910949802,Chromepet,11052602,1701,,1,3,,Pallikaranai,
13.50984583482044,80.21062327588442,Ashok Nagar,16554340,2929,,4,3,,Poonamallee,
13.587692542042973,80.30446748660223,Vadapalani,10363668,542,,5,1,,Tambaram,
13.109247195272824,80.12989179636382,Ambattur,607677,2349,,5,2,,T. Nagar,
13.292548770651594,80.17152239028347,Mylapore,14916482,2181,,2,1,,Velachery,
13.104551444017254,80.21311297171938,T. Nagar,17378698,4918,,1,3,,Poonamallee,
13.384363418942836,80.22507687017816,Madipakkam,16225076,1901,,5,2,,Nungambakkam,
13.397126968994868,80.20053560854647,Porur,5980664,707,,3,2,,Nungambakkam,
13.1629178644201,80.37390660953622,Porur,7199786,1095,,1,4,,Saidapet,
13.288335721084438,80.2041019597147,Vadapalani,1197549,1352,,3,2,,Pallikaranai,
13.065467341804995,80.3869142358386,Egmore,1067039,1737,,5,2,,Vadapalani,
13.443385490973148,80.38383943468155,Kotturpuram,6145770,2511,,2,1,,Mylapore,
13.431089219022159,80.18265218677139,Koyambedu,8120143,609,,2,4,,Saidapet,
13.250773830205786,80.37656268833652,Ashok Nagar,14331251,4182,,3,1,,Madipakkam,
13.253349737669497,80.2662248002652,Kodambakkam,19641833,1234,,3,2,,Kotturpuram,
13.345083036621043,80.10492703002684,Porur,17958712,1013,,4,3,,Chetpet,
13.428550834983065,80.27250072291939,Ambattur,19409717,3985,,5,2,,Tambaram,
13.310366428931706,80.3615158169608,Koyambedu,17984377,1540,,4,2,,Kilpauk,
13.110026820178385,80.33590881536303,Saidapet,7136731,2501,,4,1,,Vadapalani,
13.339982316072062,80.24976543906492,T. Nagar,2655215,1782,,5,1,,Velachery,
13.3970648087995,80.15476857076597,Anna Nagar,8060170,2204,,1,1,,Adyar,
13.346639835721913,80.38407792405867,Ambattur,15172802,2306,,3,2,,Adyar,
13.449503050255098,80.1235339479172,Mylapore,5832838,3702,,2,4,,Madipakkam,
13.3263702358258,80.19973598335494,Kodambakkam,6849528,4618,,4,3,,Kilpauk,
13.198669711814981,80.14570394319358,Adyar,14226021,3516,,2,3,,Nungambakkam,
13.182276074262491,80.17978005167875,Tambaram,5763886,3033,,4,1,,Velachery,
13.431825656326183,80.21142029927066,Madipakkam,10465059,1130,,5,4,,Saidapet,
13.288805093874782,80.13884058743149,Anna Nagar,16904361,1948,,3,1,,Ashok Nagar,
13.467532765515159,80.20236107871611,Madipakkam,16481660,1516,,2,2,,Anna Nagar,
13.017981044478281,80.36523434170259,Ashok Nagar,9343475,3897,,4,4,,Madipakkam,
13.198970295259247,80.21590055997973,Saidapet,8681342,1180,,4,1,,Vadapalani,
13.52115571631599,80.20037713644416,Kilpauk,5215975,1069,,5,2,,Velachery,
13.242646925358898,80.12591296354788,Thiruvallur,16378729,4188,,2,3,,Chromepet,
13.287815481823898,80.1411832188666,Kodambakkam,11000076,1849,,2,2,,Porur,
13.256789486445745,80.13438418618568,Porur,2959217,2657,,5,2,,T. Nagar,
13.37202782490219,80.21550257033057,Ambattur,11499462,3536,,3,4,,Nungambakkam,
